<?xml version="1.0" encoding="UTF-8"?>
<configuration>

    <property name="LOGS" value="./logs" />

    <appender name="Console"
              class="ch.qos.logback.core.ConsoleAppender">
        <layout class="ch.qos.logback.classic.PatternLayout">
            <Pattern>
                %highlight(%-5level) [%blue(%t)] %yellow(%C{5}): %msg%n%throwable
            </Pattern>
        </layout>
    </appender>


    <!-- LOG everything at INFO level -->
    <root level="info">
        <appender-ref ref="Console" />
    </root>


</configuration>